scenario,group,scenario_folder,mode,images,audio,run_id,multi
scenario1,tarde,scenario1T,day,0,scenario1_audio1,img0_aud1,False
scenario1,tarde,scenario1T,day,1,scenario1_audio1,img1_aud1,False
scenario1,tarde,scenario1T,day,2,scenario1_audio1,img2_aud1,False
scenario1,tarde,scenario1T,day,3,scenario1_audio1,img3_aud1,False
scenario1,tarde,scenario1T,day,54,scenario1_audio1,img54_aud1,False
scenario1,tarde,scenario1T,day,"0,1",scenario1_audio1,img0_img1_aud1,True
scenario1,tarde,scenario1T,day,"0,2",scenario1_audio1,img0_img2_aud1,True
scenario1,tarde,scenario1T,day,"0,3",scenario1_audio1,img0_img3_aud1,True
scenario1,tarde,scenario1T,day,"0,54",scenario1_audio1,img0_img54_aud1,True
scenario1,tarde,scenario1T,day,"1,2",scenario1_audio1,img1_img2_aud1,True
scenario1,tarde,scenario1T,day,"1,3",scenario1_audio1,img1_img3_aud1,True
scenario1,tarde,scenario1T,day,"1,54",scenario1_audio1,img1_img54_aud1,True
scenario1,tarde,scenario1T,day,"2,3",scenario1_audio1,img2_img3_aud1,True
scenario1,tarde,scenario1T,day,"2,54",scenario1_audio1,img2_img54_aud1,True
scenario1,tarde,scenario1T,day,"3,54",scenario1_audio1,img3_img54_aud1,True
scenario1,tarde,scenario1T,day,0,scenario1_audio2,img0_aud2,False
scenario1,tarde,scenario1T,day,1,scenario1_audio2,img1_aud2,False
scenario1,tarde,scenario1T,day,2,scenario1_audio2,img2_aud2,False
scenario1,tarde,scenario1T,day,3,scenario1_audio2,img3_aud2,False
scenario1,tarde,scenario1T,day,54,scenario1_audio2,img54_aud2,False
scenario1,tarde,scenario1T,day,"0,1",scenario1_audio2,img0_img1_aud2,True
scenario1,tarde,scenario1T,day,"0,2",scenario1_audio2,img0_img2_aud2,True
scenario1,tarde,scenario1T,day,"0,3",scenario1_audio2,img0_img3_aud2,True
scenario1,tarde,scenario1T,day,"0,54",scenario1_audio2,img0_img54_aud2,True
scenario1,tarde,scenario1T,day,"1,2",scenario1_audio2,img1_img2_aud2,True
scenario1,tarde,scenario1T,day,"1,3",scenario1_audio2,img1_img3_aud2,True
scenario1,tarde,scenario1T,day,"1,54",scenario1_audio2,img1_img54_aud2,True
scenario1,tarde,scenario1T,day,"2,3",scenario1_audio2,img2_img3_aud2,True
scenario1,tarde,scenario1T,day,"2,54",scenario1_audio2,img2_img54_aud2,True
scenario1,tarde,scenario1T,day,"3,54",scenario1_audio2,img3_img54_aud2,True
scenario1,tarde,scenario1T,day,0,scenario1_audio3,img0_aud3,False
scenario1,tarde,scenario1T,day,1,scenario1_audio3,img1_aud3,False
scenario1,tarde,scenario1T,day,2,scenario1_audio3,img2_aud3,False
scenario1,tarde,scenario1T,day,3,scenario1_audio3,img3_aud3,False
scenario1,tarde,scenario1T,day,54,scenario1_audio3,img54_aud3,False
scenario1,tarde,scenario1T,day,"0,1",scenario1_audio3,img0_img1_aud3,True
scenario1,tarde,scenario1T,day,"0,2",scenario1_audio3,img0_img2_aud3,True
scenario1,tarde,scenario1T,day,"0,3",scenario1_audio3,img0_img3_aud3,True
scenario1,tarde,scenario1T,day,"0,54",scenario1_audio3,img0_img54_aud3,True
scenario1,tarde,scenario1T,day,"1,2",scenario1_audio3,img1_img2_aud3,True
scenario1,tarde,scenario1T,day,"1,3",scenario1_audio3,img1_img3_aud3,True
scenario1,tarde,scenario1T,day,"1,54",scenario1_audio3,img1_img54_aud3,True
scenario1,tarde,scenario1T,day,"2,3",scenario1_audio3,img2_img3_aud3,True
scenario1,tarde,scenario1T,day,"2,54",scenario1_audio3,img2_img54_aud3,True
scenario1,tarde,scenario1T,day,"3,54",scenario1_audio3,img3_img54_aud3,True
scenario1,noite,scenario1N,night,12,scenario1_audio1,img12_aud1,False
scenario1,noite,scenario1N,night,13,scenario1_audio1,img13_aud1,False
scenario1,noite,scenario1N,night,14,scenario1_audio1,img14_aud1,False
scenario1,noite,scenario1N,night,15,scenario1_audio1,img15_aud1,False
scenario1,noite,scenario1N,night,58,scenario1_audio1,img58_aud1,False
scenario1,noite,scenario1N,night,"12,13",scenario1_audio1,img12_img13_aud1,True
scenario1,noite,scenario1N,night,"12,14",scenario1_audio1,img12_img14_aud1,True
scenario1,noite,scenario1N,night,"12,15",scenario1_audio1,img12_img15_aud1,True
scenario1,noite,scenario1N,night,"12,58",scenario1_audio1,img12_img58_aud1,True
scenario1,noite,scenario1N,night,"13,14",scenario1_audio1,img13_img14_aud1,True
scenario1,noite,scenario1N,night,"13,15",scenario1_audio1,img13_img15_aud1,True
scenario1,noite,scenario1N,night,"13,58",scenario1_audio1,img13_img58_aud1,True
scenario1,noite,scenario1N,night,"14,15",scenario1_audio1,img14_img15_aud1,True
scenario1,noite,scenario1N,night,"14,58",scenario1_audio1,img14_img58_aud1,True
scenario1,noite,scenario1N,night,"15,58",scenario1_audio1,img15_img58_aud1,True
scenario1,noite,scenario1N,night,12,scenario1_audio2,img12_aud2,False
scenario1,noite,scenario1N,night,13,scenario1_audio2,img13_aud2,False
scenario1,noite,scenario1N,night,14,scenario1_audio2,img14_aud2,False
scenario1,noite,scenario1N,night,15,scenario1_audio2,img15_aud2,False
scenario1,noite,scenario1N,night,58,scenario1_audio2,img58_aud2,False
scenario1,noite,scenario1N,night,"12,13",scenario1_audio2,img12_img13_aud2,True
scenario1,noite,scenario1N,night,"12,14",scenario1_audio2,img12_img14_aud2,True
scenario1,noite,scenario1N,night,"12,15",scenario1_audio2,img12_img15_aud2,True
scenario1,noite,scenario1N,night,"12,58",scenario1_audio2,img12_img58_aud2,True
scenario1,noite,scenario1N,night,"13,14",scenario1_audio2,img13_img14_aud2,True
scenario1,noite,scenario1N,night,"13,15",scenario1_audio2,img13_img15_aud2,True
scenario1,noite,scenario1N,night,"13,58",scenario1_audio2,img13_img58_aud2,True
scenario1,noite,scenario1N,night,"14,15",scenario1_audio2,img14_img15_aud2,True
scenario1,noite,scenario1N,night,"14,58",scenario1_audio2,img14_img58_aud2,True
scenario1,noite,scenario1N,night,"15,58",scenario1_audio2,img15_img58_aud2,True
scenario1,noite,scenario1N,night,12,scenario1_audio3,img12_aud3,False
scenario1,noite,scenario1N,night,13,scenario1_audio3,img13_aud3,False
scenario1,noite,scenario1N,night,14,scenario1_audio3,img14_aud3,False
scenario1,noite,scenario1N,night,15,scenario1_audio3,img15_aud3,False
scenario1,noite,scenario1N,night,58,scenario1_audio3,img58_aud3,False
scenario1,noite,scenario1N,night,"12,13",scenario1_audio3,img12_img13_aud3,True
scenario1,noite,scenario1N,night,"12,14",scenario1_audio3,img12_img14_aud3,True
scenario1,noite,scenario1N,night,"12,15",scenario1_audio3,img12_img15_aud3,True
scenario1,noite,scenario1N,night,"12,58",scenario1_audio3,img12_img58_aud3,True
scenario1,noite,scenario1N,night,"13,14",scenario1_audio3,img13_img14_aud3,True
scenario1,noite,scenario1N,night,"13,15",scenario1_audio3,img13_img15_aud3,True
scenario1,noite,scenario1N,night,"13,58",scenario1_audio3,img13_img58_aud3,True
scenario1,noite,scenario1N,night,"14,15",scenario1_audio3,img14_img15_aud3,True
scenario1,noite,scenario1N,night,"14,58",scenario1_audio3,img14_img58_aud3,True
scenario1,noite,scenario1N,night,"15,58",scenario1_audio3,img15_img58_aud3,True
scenario1,dia,scenario1D,day,26,scenario1_audio1,img26_aud1,False
scenario1,dia,scenario1D,day,27,scenario1_audio1,img27_aud1,False
scenario1,dia,scenario1D,day,28,scenario1_audio1,img28_aud1,False
scenario1,dia,scenario1D,day,29,scenario1_audio1,img29_aud1,False
scenario1,dia,scenario1D,day,57,scenario1_audio1,img57_aud1,False
scenario1,dia,scenario1D,day,"26,27",scenario1_audio1,img26_img27_aud1,True
scenario1,dia,scenario1D,day,"26,28",scenario1_audio1,img26_img28_aud1,True
scenario1,dia,scenario1D,day,"26,29",scenario1_audio1,img26_img29_aud1,True
scenario1,dia,scenario1D,day,"26,57",scenario1_audio1,img26_img57_aud1,True
scenario1,dia,scenario1D,day,"27,28",scenario1_audio1,img27_img28_aud1,True
scenario1,dia,scenario1D,day,"27,29",scenario1_audio1,img27_img29_aud1,True
scenario1,dia,scenario1D,day,"27,57",scenario1_audio1,img27_img57_aud1,True
scenario1,dia,scenario1D,day,"28,29",scenario1_audio1,img28_img29_aud1,True
scenario1,dia,scenario1D,day,"28,57",scenario1_audio1,img28_img57_aud1,True
scenario1,dia,scenario1D,day,"29,57",scenario1_audio1,img29_img57_aud1,True
scenario1,dia,scenario1D,day,26,scenario1_audio2,img26_aud2,False
scenario1,dia,scenario1D,day,27,scenario1_audio2,img27_aud2,False
scenario1,dia,scenario1D,day,28,scenario1_audio2,img28_aud2,False
scenario1,dia,scenario1D,day,29,scenario1_audio2,img29_aud2,False
scenario1,dia,scenario1D,day,57,scenario1_audio2,img57_aud2,False
scenario1,dia,scenario1D,day,"26,27",scenario1_audio2,img26_img27_aud2,True
scenario1,dia,scenario1D,day,"26,28",scenario1_audio2,img26_img28_aud2,True
scenario1,dia,scenario1D,day,"26,29",scenario1_audio2,img26_img29_aud2,True
scenario1,dia,scenario1D,day,"26,57",scenario1_audio2,img26_img57_aud2,True
scenario1,dia,scenario1D,day,"27,28",scenario1_audio2,img27_img28_aud2,True
scenario1,dia,scenario1D,day,"27,29",scenario1_audio2,img27_img29_aud2,True
scenario1,dia,scenario1D,day,"27,57",scenario1_audio2,img27_img57_aud2,True
scenario1,dia,scenario1D,day,"28,29",scenario1_audio2,img28_img29_aud2,True
scenario1,dia,scenario1D,day,"28,57",scenario1_audio2,img28_img57_aud2,True
scenario1,dia,scenario1D,day,"29,57",scenario1_audio2,img29_img57_aud2,True
scenario1,dia,scenario1D,day,26,scenario1_audio3,img26_aud3,False
scenario1,dia,scenario1D,day,27,scenario1_audio3,img27_aud3,False
scenario1,dia,scenario1D,day,28,scenario1_audio3,img28_aud3,False
scenario1,dia,scenario1D,day,29,scenario1_audio3,img29_aud3,False
scenario1,dia,scenario1D,day,57,scenario1_audio3,img57_aud3,False
scenario1,dia,scenario1D,day,"26,27",scenario1_audio3,img26_img27_aud3,True
scenario1,dia,scenario1D,day,"26,28",scenario1_audio3,img26_img28_aud3,True
scenario1,dia,scenario1D,day,"26,29",scenario1_audio3,img26_img29_aud3,True
scenario1,dia,scenario1D,day,"26,57",scenario1_audio3,img26_img57_aud3,True
scenario1,dia,scenario1D,day,"27,28",scenario1_audio3,img27_img28_aud3,True
scenario1,dia,scenario1D,day,"27,29",scenario1_audio3,img27_img29_aud3,True
scenario1,dia,scenario1D,day,"27,57",scenario1_audio3,img27_img57_aud3,True
scenario1,dia,scenario1D,day,"28,29",scenario1_audio3,img28_img29_aud3,True
scenario1,dia,scenario1D,day,"28,57",scenario1_audio3,img28_img57_aud3,True
scenario1,dia,scenario1D,day,"29,57",scenario1_audio3,img29_img57_aud3,True
scenario2,tarde,scenario2T,day,4,scenario2_audio1,img4_aud1,False
scenario2,tarde,scenario2T,day,5,scenario2_audio1,img5_aud1,False
scenario2,tarde,scenario2T,day,6,scenario2_audio1,img6_aud1,False
scenario2,tarde,scenario2T,day,7,scenario2_audio1,img7_aud1,False
scenario2,tarde,scenario2T,day,25,scenario2_audio1,img25_aud1,False
scenario2,tarde,scenario2T,day,"4,5",scenario2_audio1,img4_img5_aud1,True
scenario2,tarde,scenario2T,day,"4,6",scenario2_audio1,img4_img6_aud1,True
scenario2,tarde,scenario2T,day,"4,7",scenario2_audio1,img4_img7_aud1,True
scenario2,tarde,scenario2T,day,"4,25",scenario2_audio1,img4_img25_aud1,True
scenario2,tarde,scenario2T,day,"5,6",scenario2_audio1,img5_img6_aud1,True
scenario2,tarde,scenario2T,day,"5,7",scenario2_audio1,img5_img7_aud1,True
scenario2,tarde,scenario2T,day,"5,25",scenario2_audio1,img5_img25_aud1,True
scenario2,tarde,scenario2T,day,"6,7",scenario2_audio1,img6_img7_aud1,True
scenario2,tarde,scenario2T,day,"6,25",scenario2_audio1,img6_img25_aud1,True
scenario2,tarde,scenario2T,day,"7,25",scenario2_audio1,img7_img25_aud1,True
scenario2,tarde,scenario2T,day,4,scenario2_audio2,img4_aud2,False
scenario2,tarde,scenario2T,day,5,scenario2_audio2,img5_aud2,False
scenario2,tarde,scenario2T,day,6,scenario2_audio2,img6_aud2,False
scenario2,tarde,scenario2T,day,7,scenario2_audio2,img7_aud2,False
scenario2,tarde,scenario2T,day,25,scenario2_audio2,img25_aud2,False
scenario2,tarde,scenario2T,day,"4,5",scenario2_audio2,img4_img5_aud2,True
scenario2,tarde,scenario2T,day,"4,6",scenario2_audio2,img4_img6_aud2,True
scenario2,tarde,scenario2T,day,"4,7",scenario2_audio2,img4_img7_aud2,True
scenario2,tarde,scenario2T,day,"4,25",scenario2_audio2,img4_img25_aud2,True
scenario2,tarde,scenario2T,day,"5,6",scenario2_audio2,img5_img6_aud2,True
scenario2,tarde,scenario2T,day,"5,7",scenario2_audio2,img5_img7_aud2,True
scenario2,tarde,scenario2T,day,"5,25",scenario2_audio2,img5_img25_aud2,True
scenario2,tarde,scenario2T,day,"6,7",scenario2_audio2,img6_img7_aud2,True
scenario2,tarde,scenario2T,day,"6,25",scenario2_audio2,img6_img25_aud2,True
scenario2,tarde,scenario2T,day,"7,25",scenario2_audio2,img7_img25_aud2,True
scenario2,tarde,scenario2T,day,4,scenario2_audio3,img4_aud3,False
scenario2,tarde,scenario2T,day,5,scenario2_audio3,img5_aud3,False
scenario2,tarde,scenario2T,day,6,scenario2_audio3,img6_aud3,False
scenario2,tarde,scenario2T,day,7,scenario2_audio3,img7_aud3,False
scenario2,tarde,scenario2T,day,25,scenario2_audio3,img25_aud3,False
scenario2,tarde,scenario2T,day,"4,5",scenario2_audio3,img4_img5_aud3,True
scenario2,tarde,scenario2T,day,"4,6",scenario2_audio3,img4_img6_aud3,True
scenario2,tarde,scenario2T,day,"4,7",scenario2_audio3,img4_img7_aud3,True
scenario2,tarde,scenario2T,day,"4,25",scenario2_audio3,img4_img25_aud3,True
scenario2,tarde,scenario2T,day,"5,6",scenario2_audio3,img5_img6_aud3,True
scenario2,tarde,scenario2T,day,"5,7",scenario2_audio3,img5_img7_aud3,True
scenario2,tarde,scenario2T,day,"5,25",scenario2_audio3,img5_img25_aud3,True
scenario2,tarde,scenario2T,day,"6,7",scenario2_audio3,img6_img7_aud3,True
scenario2,tarde,scenario2T,day,"6,25",scenario2_audio3,img6_img25_aud3,True
scenario2,tarde,scenario2T,day,"7,25",scenario2_audio3,img7_img25_aud3,True
scenario2,noite,scenario2N,night,16,scenario2_audio1,img16_aud1,False
scenario2,noite,scenario2N,night,17,scenario2_audio1,img17_aud1,False
scenario2,noite,scenario2N,night,18,scenario2_audio1,img18_aud1,False
scenario2,noite,scenario2N,night,19,scenario2_audio1,img19_aud1,False
scenario2,noite,scenario2N,night,20,scenario2_audio1,img20_aud1,False
scenario2,noite,scenario2N,night,"16,17",scenario2_audio1,img16_img17_aud1,True
scenario2,noite,scenario2N,night,"16,18",scenario2_audio1,img16_img18_aud1,True
scenario2,noite,scenario2N,night,"16,19",scenario2_audio1,img16_img19_aud1,True
scenario2,noite,scenario2N,night,"16,20",scenario2_audio1,img16_img20_aud1,True
scenario2,noite,scenario2N,night,"17,18",scenario2_audio1,img17_img18_aud1,True
scenario2,noite,scenario2N,night,"17,19",scenario2_audio1,img17_img19_aud1,True
scenario2,noite,scenario2N,night,"17,20",scenario2_audio1,img17_img20_aud1,True
scenario2,noite,scenario2N,night,"18,19",scenario2_audio1,img18_img19_aud1,True
scenario2,noite,scenario2N,night,"18,20",scenario2_audio1,img18_img20_aud1,True
scenario2,noite,scenario2N,night,"19,20",scenario2_audio1,img19_img20_aud1,True
scenario2,noite,scenario2N,night,16,scenario2_audio2,img16_aud2,False
scenario2,noite,scenario2N,night,17,scenario2_audio2,img17_aud2,False
scenario2,noite,scenario2N,night,18,scenario2_audio2,img18_aud2,False
scenario2,noite,scenario2N,night,19,scenario2_audio2,img19_aud2,False
scenario2,noite,scenario2N,night,20,scenario2_audio2,img20_aud2,False
scenario2,noite,scenario2N,night,"16,17",scenario2_audio2,img16_img17_aud2,True
scenario2,noite,scenario2N,night,"16,18",scenario2_audio2,img16_img18_aud2,True
scenario2,noite,scenario2N,night,"16,19",scenario2_audio2,img16_img19_aud2,True
scenario2,noite,scenario2N,night,"16,20",scenario2_audio2,img16_img20_aud2,True
scenario2,noite,scenario2N,night,"17,18",scenario2_audio2,img17_img18_aud2,True
scenario2,noite,scenario2N,night,"17,19",scenario2_audio2,img17_img19_aud2,True
scenario2,noite,scenario2N,night,"17,20",scenario2_audio2,img17_img20_aud2,True
scenario2,noite,scenario2N,night,"18,19",scenario2_audio2,img18_img19_aud2,True
scenario2,noite,scenario2N,night,"18,20",scenario2_audio2,img18_img20_aud2,True
scenario2,noite,scenario2N,night,"19,20",scenario2_audio2,img19_img20_aud2,True
scenario2,noite,scenario2N,night,16,scenario2_audio3,img16_aud3,False
scenario2,noite,scenario2N,night,17,scenario2_audio3,img17_aud3,False
scenario2,noite,scenario2N,night,18,scenario2_audio3,img18_aud3,False
scenario2,noite,scenario2N,night,19,scenario2_audio3,img19_aud3,False
scenario2,noite,scenario2N,night,20,scenario2_audio3,img20_aud3,False
scenario2,noite,scenario2N,night,"16,17",scenario2_audio3,img16_img17_aud3,True
scenario2,noite,scenario2N,night,"16,18",scenario2_audio3,img16_img18_aud3,True
scenario2,noite,scenario2N,night,"16,19",scenario2_audio3,img16_img19_aud3,True
scenario2,noite,scenario2N,night,"16,20",scenario2_audio3,img16_img20_aud3,True
scenario2,noite,scenario2N,night,"17,18",scenario2_audio3,img17_img18_aud3,True
scenario2,noite,scenario2N,night,"17,19",scenario2_audio3,img17_img19_aud3,True
scenario2,noite,scenario2N,night,"17,20",scenario2_audio3,img17_img20_aud3,True
scenario2,noite,scenario2N,night,"18,19",scenario2_audio3,img18_img19_aud3,True
scenario2,noite,scenario2N,night,"18,20",scenario2_audio3,img18_img20_aud3,True
scenario2,noite,scenario2N,night,"19,20",scenario2_audio3,img19_img20_aud3,True
scenario2,dia,scenario2D,day,30,scenario2_audio1,img30_aud1,False
scenario2,dia,scenario2D,day,31,scenario2_audio1,img31_aud1,False
scenario2,dia,scenario2D,day,32,scenario2_audio1,img32_aud1,False
scenario2,dia,scenario2D,day,33,scenario2_audio1,img33_aud1,False
scenario2,dia,scenario2D,day,34,scenario2_audio1,img34_aud1,False
scenario2,dia,scenario2D,day,"30,31",scenario2_audio1,img30_img31_aud1,True
scenario2,dia,scenario2D,day,"30,32",scenario2_audio1,img30_img32_aud1,True
scenario2,dia,scenario2D,day,"30,33",scenario2_audio1,img30_img33_aud1,True
scenario2,dia,scenario2D,day,"30,34",scenario2_audio1,img30_img34_aud1,True
scenario2,dia,scenario2D,day,"31,32",scenario2_audio1,img31_img32_aud1,True
scenario2,dia,scenario2D,day,"31,33",scenario2_audio1,img31_img33_aud1,True
scenario2,dia,scenario2D,day,"31,34",scenario2_audio1,img31_img34_aud1,True
scenario2,dia,scenario2D,day,"32,33",scenario2_audio1,img32_img33_aud1,True
scenario2,dia,scenario2D,day,"32,34",scenario2_audio1,img32_img34_aud1,True
scenario2,dia,scenario2D,day,"33,34",scenario2_audio1,img33_img34_aud1,True
scenario2,dia,scenario2D,day,30,scenario2_audio2,img30_aud2,False
scenario2,dia,scenario2D,day,31,scenario2_audio2,img31_aud2,False
scenario2,dia,scenario2D,day,32,scenario2_audio2,img32_aud2,False
scenario2,dia,scenario2D,day,33,scenario2_audio2,img33_aud2,False
scenario2,dia,scenario2D,day,34,scenario2_audio2,img34_aud2,False
scenario2,dia,scenario2D,day,"30,31",scenario2_audio2,img30_img31_aud2,True
scenario2,dia,scenario2D,day,"30,32",scenario2_audio2,img30_img32_aud2,True
scenario2,dia,scenario2D,day,"30,33",scenario2_audio2,img30_img33_aud2,True
scenario2,dia,scenario2D,day,"30,34",scenario2_audio2,img30_img34_aud2,True
scenario2,dia,scenario2D,day,"31,32",scenario2_audio2,img31_img32_aud2,True
scenario2,dia,scenario2D,day,"31,33",scenario2_audio2,img31_img33_aud2,True
scenario2,dia,scenario2D,day,"31,34",scenario2_audio2,img31_img34_aud2,True
scenario2,dia,scenario2D,day,"32,33",scenario2_audio2,img32_img33_aud2,True
scenario2,dia,scenario2D,day,"32,34",scenario2_audio2,img32_img34_aud2,True
scenario2,dia,scenario2D,day,"33,34",scenario2_audio2,img33_img34_aud2,True
scenario2,dia,scenario2D,day,30,scenario2_audio3,img30_aud3,False
scenario2,dia,scenario2D,day,31,scenario2_audio3,img31_aud3,False
scenario2,dia,scenario2D,day,32,scenario2_audio3,img32_aud3,False
scenario2,dia,scenario2D,day,33,scenario2_audio3,img33_aud3,False
scenario2,dia,scenario2D,day,34,scenario2_audio3,img34_aud3,False
scenario2,dia,scenario2D,day,"30,31",scenario2_audio3,img30_img31_aud3,True
scenario2,dia,scenario2D,day,"30,32",scenario2_audio3,img30_img32_aud3,True
scenario2,dia,scenario2D,day,"30,33",scenario2_audio3,img30_img33_aud3,True
scenario2,dia,scenario2D,day,"30,34",scenario2_audio3,img30_img34_aud3,True
scenario2,dia,scenario2D,day,"31,32",scenario2_audio3,img31_img32_aud3,True
scenario2,dia,scenario2D,day,"31,33",scenario2_audio3,img31_img33_aud3,True
scenario2,dia,scenario2D,day,"31,34",scenario2_audio3,img31_img34_aud3,True
scenario2,dia,scenario2D,day,"32,33",scenario2_audio3,img32_img33_aud3,True
scenario2,dia,scenario2D,day,"32,34",scenario2_audio3,img32_img34_aud3,True
scenario2,dia,scenario2D,day,"33,34",scenario2_audio3,img33_img34_aud3,True
scenario3,tarde,scenario3T,day,8,scenario3_audio1,img8_aud1,False
scenario3,tarde,scenario3T,day,9,scenario3_audio1,img9_aud1,False
scenario3,tarde,scenario3T,day,10,scenario3_audio1,img10_aud1,False
scenario3,tarde,scenario3T,day,11,scenario3_audio1,img11_aud1,False
scenario3,tarde,scenario3T,day,55,scenario3_audio1,img55_aud1,False
scenario3,tarde,scenario3T,day,"8,9",scenario3_audio1,img8_img9_aud1,True
scenario3,tarde,scenario3T,day,"8,10",scenario3_audio1,img8_img10_aud1,True
scenario3,tarde,scenario3T,day,"8,11",scenario3_audio1,img8_img11_aud1,True
scenario3,tarde,scenario3T,day,"8,55",scenario3_audio1,img8_img55_aud1,True
scenario3,tarde,scenario3T,day,"9,10",scenario3_audio1,img9_img10_aud1,True
scenario3,tarde,scenario3T,day,"9,11",scenario3_audio1,img9_img11_aud1,True
scenario3,tarde,scenario3T,day,"9,55",scenario3_audio1,img9_img55_aud1,True
scenario3,tarde,scenario3T,day,"10,11",scenario3_audio1,img10_img11_aud1,True
scenario3,tarde,scenario3T,day,"10,55",scenario3_audio1,img10_img55_aud1,True
scenario3,tarde,scenario3T,day,"11,55",scenario3_audio1,img11_img55_aud1,True
scenario3,tarde,scenario3T,day,8,scenario3_audio2,img8_aud2,False
scenario3,tarde,scenario3T,day,9,scenario3_audio2,img9_aud2,False
scenario3,tarde,scenario3T,day,10,scenario3_audio2,img10_aud2,False
scenario3,tarde,scenario3T,day,11,scenario3_audio2,img11_aud2,False
scenario3,tarde,scenario3T,day,55,scenario3_audio2,img55_aud2,False
scenario3,tarde,scenario3T,day,"8,9",scenario3_audio2,img8_img9_aud2,True
scenario3,tarde,scenario3T,day,"8,10",scenario3_audio2,img8_img10_aud2,True
scenario3,tarde,scenario3T,day,"8,11",scenario3_audio2,img8_img11_aud2,True
scenario3,tarde,scenario3T,day,"8,55",scenario3_audio2,img8_img55_aud2,True
scenario3,tarde,scenario3T,day,"9,10",scenario3_audio2,img9_img10_aud2,True
scenario3,tarde,scenario3T,day,"9,11",scenario3_audio2,img9_img11_aud2,True
scenario3,tarde,scenario3T,day,"9,55",scenario3_audio2,img9_img55_aud2,True
scenario3,tarde,scenario3T,day,"10,11",scenario3_audio2,img10_img11_aud2,True
scenario3,tarde,scenario3T,day,"10,55",scenario3_audio2,img10_img55_aud2,True
scenario3,tarde,scenario3T,day,"11,55",scenario3_audio2,img11_img55_aud2,True
scenario3,tarde,scenario3T,day,8,scenario3_audio3,img8_aud3,False
scenario3,tarde,scenario3T,day,9,scenario3_audio3,img9_aud3,False
scenario3,tarde,scenario3T,day,10,scenario3_audio3,img10_aud3,False
scenario3,tarde,scenario3T,day,11,scenario3_audio3,img11_aud3,False
scenario3,tarde,scenario3T,day,55,scenario3_audio3,img55_aud3,False
scenario3,tarde,scenario3T,day,"8,9",scenario3_audio3,img8_img9_aud3,True
scenario3,tarde,scenario3T,day,"8,10",scenario3_audio3,img8_img10_aud3,True
scenario3,tarde,scenario3T,day,"8,11",scenario3_audio3,img8_img11_aud3,True
scenario3,tarde,scenario3T,day,"8,55",scenario3_audio3,img8_img55_aud3,True
scenario3,tarde,scenario3T,day,"9,10",scenario3_audio3,img9_img10_aud3,True
scenario3,tarde,scenario3T,day,"9,11",scenario3_audio3,img9_img11_aud3,True
scenario3,tarde,scenario3T,day,"9,55",scenario3_audio3,img9_img55_aud3,True
scenario3,tarde,scenario3T,day,"10,11",scenario3_audio3,img10_img11_aud3,True
scenario3,tarde,scenario3T,day,"10,55",scenario3_audio3,img10_img55_aud3,True
scenario3,tarde,scenario3T,day,"11,55",scenario3_audio3,img11_img55_aud3,True
scenario3,noite,scenario3N,night,21,scenario3_audio1,img21_aud1,False
scenario3,noite,scenario3N,night,22,scenario3_audio1,img22_aud1,False
scenario3,noite,scenario3N,night,23,scenario3_audio1,img23_aud1,False
scenario3,noite,scenario3N,night,24,scenario3_audio1,img24_aud1,False
scenario3,noite,scenario3N,night,59,scenario3_audio1,img59_aud1,False
scenario3,noite,scenario3N,night,"21,22",scenario3_audio1,img21_img22_aud1,True
scenario3,noite,scenario3N,night,"21,23",scenario3_audio1,img21_img23_aud1,True
scenario3,noite,scenario3N,night,"21,24",scenario3_audio1,img21_img24_aud1,True
scenario3,noite,scenario3N,night,"21,59",scenario3_audio1,img21_img59_aud1,True
scenario3,noite,scenario3N,night,"22,23",scenario3_audio1,img22_img23_aud1,True
scenario3,noite,scenario3N,night,"22,24",scenario3_audio1,img22_img24_aud1,True
scenario3,noite,scenario3N,night,"22,59",scenario3_audio1,img22_img59_aud1,True
scenario3,noite,scenario3N,night,"23,24",scenario3_audio1,img23_img24_aud1,True
scenario3,noite,scenario3N,night,"23,59",scenario3_audio1,img23_img59_aud1,True
scenario3,noite,scenario3N,night,"24,59",scenario3_audio1,img24_img59_aud1,True
scenario3,noite,scenario3N,night,21,scenario3_audio2,img21_aud2,False
scenario3,noite,scenario3N,night,22,scenario3_audio2,img22_aud2,False
scenario3,noite,scenario3N,night,23,scenario3_audio2,img23_aud2,False
scenario3,noite,scenario3N,night,24,scenario3_audio2,img24_aud2,False
scenario3,noite,scenario3N,night,59,scenario3_audio2,img59_aud2,False
scenario3,noite,scenario3N,night,"21,22",scenario3_audio2,img21_img22_aud2,True
scenario3,noite,scenario3N,night,"21,23",scenario3_audio2,img21_img23_aud2,True
scenario3,noite,scenario3N,night,"21,24",scenario3_audio2,img21_img24_aud2,True
scenario3,noite,scenario3N,night,"21,59",scenario3_audio2,img21_img59_aud2,True
scenario3,noite,scenario3N,night,"22,23",scenario3_audio2,img22_img23_aud2,True
scenario3,noite,scenario3N,night,"22,24",scenario3_audio2,img22_img24_aud2,True
scenario3,noite,scenario3N,night,"22,59",scenario3_audio2,img22_img59_aud2,True
scenario3,noite,scenario3N,night,"23,24",scenario3_audio2,img23_img24_aud2,True
scenario3,noite,scenario3N,night,"23,59",scenario3_audio2,img23_img59_aud2,True
scenario3,noite,scenario3N,night,"24,59",scenario3_audio2,img24_img59_aud2,True
scenario3,noite,scenario3N,night,21,scenario3_audio3,img21_aud3,False
scenario3,noite,scenario3N,night,22,scenario3_audio3,img22_aud3,False
scenario3,noite,scenario3N,night,23,scenario3_audio3,img23_aud3,False
scenario3,noite,scenario3N,night,24,scenario3_audio3,img24_aud3,False
scenario3,noite,scenario3N,night,59,scenario3_audio3,img59_aud3,False
scenario3,noite,scenario3N,night,"21,22",scenario3_audio3,img21_img22_aud3,True
scenario3,noite,scenario3N,night,"21,23",scenario3_audio3,img21_img23_aud3,True
scenario3,noite,scenario3N,night,"21,24",scenario3_audio3,img21_img24_aud3,True
scenario3,noite,scenario3N,night,"21,59",scenario3_audio3,img21_img59_aud3,True
scenario3,noite,scenario3N,night,"22,23",scenario3_audio3,img22_img23_aud3,True
scenario3,noite,scenario3N,night,"22,24",scenario3_audio3,img22_img24_aud3,True
scenario3,noite,scenario3N,night,"22,59",scenario3_audio3,img22_img59_aud3,True
scenario3,noite,scenario3N,night,"23,24",scenario3_audio3,img23_img24_aud3,True
scenario3,noite,scenario3N,night,"23,59",scenario3_audio3,img23_img59_aud3,True
scenario3,noite,scenario3N,night,"24,59",scenario3_audio3,img24_img59_aud3,True
scenario3,dia,scenario3D,day,35,scenario3_audio1,img35_aud1,False
scenario3,dia,scenario3D,day,36,scenario3_audio1,img36_aud1,False
scenario3,dia,scenario3D,day,37,scenario3_audio1,img37_aud1,False
scenario3,dia,scenario3D,day,38,scenario3_audio1,img38_aud1,False
scenario3,dia,scenario3D,day,56,scenario3_audio1,img56_aud1,False
scenario3,dia,scenario3D,day,"35,36",scenario3_audio1,img35_img36_aud1,True
scenario3,dia,scenario3D,day,"35,37",scenario3_audio1,img35_img37_aud1,True
scenario3,dia,scenario3D,day,"35,38",scenario3_audio1,img35_img38_aud1,True
scenario3,dia,scenario3D,day,"35,56",scenario3_audio1,img35_img56_aud1,True
scenario3,dia,scenario3D,day,"36,37",scenario3_audio1,img36_img37_aud1,True
scenario3,dia,scenario3D,day,"36,38",scenario3_audio1,img36_img38_aud1,True
scenario3,dia,scenario3D,day,"36,56",scenario3_audio1,img36_img56_aud1,True
scenario3,dia,scenario3D,day,"37,38",scenario3_audio1,img37_img38_aud1,True
scenario3,dia,scenario3D,day,"37,56",scenario3_audio1,img37_img56_aud1,True
scenario3,dia,scenario3D,day,"38,56",scenario3_audio1,img38_img56_aud1,True
scenario3,dia,scenario3D,day,35,scenario3_audio2,img35_aud2,False
scenario3,dia,scenario3D,day,36,scenario3_audio2,img36_aud2,False
scenario3,dia,scenario3D,day,37,scenario3_audio2,img37_aud2,False
scenario3,dia,scenario3D,day,38,scenario3_audio2,img38_aud2,False
scenario3,dia,scenario3D,day,56,scenario3_audio2,img56_aud2,False
scenario3,dia,scenario3D,day,"35,36",scenario3_audio2,img35_img36_aud2,True
scenario3,dia,scenario3D,day,"35,37",scenario3_audio2,img35_img37_aud2,True
scenario3,dia,scenario3D,day,"35,38",scenario3_audio2,img35_img38_aud2,True
scenario3,dia,scenario3D,day,"35,56",scenario3_audio2,img35_img56_aud2,True
scenario3,dia,scenario3D,day,"36,37",scenario3_audio2,img36_img37_aud2,True
scenario3,dia,scenario3D,day,"36,38",scenario3_audio2,img36_img38_aud2,True
scenario3,dia,scenario3D,day,"36,56",scenario3_audio2,img36_img56_aud2,True
scenario3,dia,scenario3D,day,"37,38",scenario3_audio2,img37_img38_aud2,True
scenario3,dia,scenario3D,day,"37,56",scenario3_audio2,img37_img56_aud2,True
scenario3,dia,scenario3D,day,"38,56",scenario3_audio2,img38_img56_aud2,True
scenario3,dia,scenario3D,day,35,scenario3_audio3,img35_aud3,False
scenario3,dia,scenario3D,day,36,scenario3_audio3,img36_aud3,False
scenario3,dia,scenario3D,day,37,scenario3_audio3,img37_aud3,False
scenario3,dia,scenario3D,day,38,scenario3_audio3,img38_aud3,False
scenario3,dia,scenario3D,day,56,scenario3_audio3,img56_aud3,False
scenario3,dia,scenario3D,day,"35,36",scenario3_audio3,img35_img36_aud3,True
scenario3,dia,scenario3D,day,"35,37",scenario3_audio3,img35_img37_aud3,True
scenario3,dia,scenario3D,day,"35,38",scenario3_audio3,img35_img38_aud3,True
scenario3,dia,scenario3D,day,"35,56",scenario3_audio3,img35_img56_aud3,True
scenario3,dia,scenario3D,day,"36,37",scenario3_audio3,img36_img37_aud3,True
scenario3,dia,scenario3D,day,"36,38",scenario3_audio3,img36_img38_aud3,True
scenario3,dia,scenario3D,day,"36,56",scenario3_audio3,img36_img56_aud3,True
scenario3,dia,scenario3D,day,"37,38",scenario3_audio3,img37_img38_aud3,True
scenario3,dia,scenario3D,day,"37,56",scenario3_audio3,img37_img56_aud3,True
scenario3,dia,scenario3D,day,"38,56",scenario3_audio3,img38_img56_aud3,True
scenario4,tarde,scenario4T,day,44,scenario4_audio1,img44_aud1,False
scenario4,tarde,scenario4T,day,45,scenario4_audio1,img45_aud1,False
scenario4,tarde,scenario4T,day,46,scenario4_audio1,img46_aud1,False
scenario4,tarde,scenario4T,day,47,scenario4_audio1,img47_aud1,False
scenario4,tarde,scenario4T,day,48,scenario4_audio1,img48_aud1,False
scenario4,tarde,scenario4T,day,"44,45",scenario4_audio1,img44_img45_aud1,True
scenario4,tarde,scenario4T,day,"44,46",scenario4_audio1,img44_img46_aud1,True
scenario4,tarde,scenario4T,day,"44,47",scenario4_audio1,img44_img47_aud1,True
scenario4,tarde,scenario4T,day,"44,48",scenario4_audio1,img44_img48_aud1,True
scenario4,tarde,scenario4T,day,"45,46",scenario4_audio1,img45_img46_aud1,True
scenario4,tarde,scenario4T,day,"45,47",scenario4_audio1,img45_img47_aud1,True
scenario4,tarde,scenario4T,day,"45,48",scenario4_audio1,img45_img48_aud1,True
scenario4,tarde,scenario4T,day,"46,47",scenario4_audio1,img46_img47_aud1,True
scenario4,tarde,scenario4T,day,"46,48",scenario4_audio1,img46_img48_aud1,True
scenario4,tarde,scenario4T,day,"47,48",scenario4_audio1,img47_img48_aud1,True
scenario4,tarde,scenario4T,day,44,scenario4_audio2,img44_aud2,False
scenario4,tarde,scenario4T,day,45,scenario4_audio2,img45_aud2,False
scenario4,tarde,scenario4T,day,46,scenario4_audio2,img46_aud2,False
scenario4,tarde,scenario4T,day,47,scenario4_audio2,img47_aud2,False
scenario4,tarde,scenario4T,day,48,scenario4_audio2,img48_aud2,False
scenario4,tarde,scenario4T,day,"44,45",scenario4_audio2,img44_img45_aud2,True
scenario4,tarde,scenario4T,day,"44,46",scenario4_audio2,img44_img46_aud2,True
scenario4,tarde,scenario4T,day,"44,47",scenario4_audio2,img44_img47_aud2,True
scenario4,tarde,scenario4T,day,"44,48",scenario4_audio2,img44_img48_aud2,True
scenario4,tarde,scenario4T,day,"45,46",scenario4_audio2,img45_img46_aud2,True
scenario4,tarde,scenario4T,day,"45,47",scenario4_audio2,img45_img47_aud2,True
scenario4,tarde,scenario4T,day,"45,48",scenario4_audio2,img45_img48_aud2,True
scenario4,tarde,scenario4T,day,"46,47",scenario4_audio2,img46_img47_aud2,True
scenario4,tarde,scenario4T,day,"46,48",scenario4_audio2,img46_img48_aud2,True
scenario4,tarde,scenario4T,day,"47,48",scenario4_audio2,img47_img48_aud2,True
scenario4,noite,scenario4N,night,49,scenario4_audio1,img49_aud1,False
scenario4,noite,scenario4N,night,50,scenario4_audio1,img50_aud1,False
scenario4,noite,scenario4N,night,51,scenario4_audio1,img51_aud1,False
scenario4,noite,scenario4N,night,52,scenario4_audio1,img52_aud1,False
scenario4,noite,scenario4N,night,53,scenario4_audio1,img53_aud1,False
scenario4,noite,scenario4N,night,"49,50",scenario4_audio1,img49_img50_aud1,True
scenario4,noite,scenario4N,night,"49,51",scenario4_audio1,img49_img51_aud1,True
scenario4,noite,scenario4N,night,"49,52",scenario4_audio1,img49_img52_aud1,True
scenario4,noite,scenario4N,night,"49,53",scenario4_audio1,img49_img53_aud1,True
scenario4,noite,scenario4N,night,"50,51",scenario4_audio1,img50_img51_aud1,True
scenario4,noite,scenario4N,night,"50,52",scenario4_audio1,img50_img52_aud1,True
scenario4,noite,scenario4N,night,"50,53",scenario4_audio1,img50_img53_aud1,True
scenario4,noite,scenario4N,night,"51,52",scenario4_audio1,img51_img52_aud1,True
scenario4,noite,scenario4N,night,"51,53",scenario4_audio1,img51_img53_aud1,True
scenario4,noite,scenario4N,night,"52,53",scenario4_audio1,img52_img53_aud1,True
scenario4,noite,scenario4N,night,49,scenario4_audio2,img49_aud2,False
scenario4,noite,scenario4N,night,50,scenario4_audio2,img50_aud2,False
scenario4,noite,scenario4N,night,51,scenario4_audio2,img51_aud2,False
scenario4,noite,scenario4N,night,52,scenario4_audio2,img52_aud2,False
scenario4,noite,scenario4N,night,53,scenario4_audio2,img53_aud2,False
scenario4,noite,scenario4N,night,"49,50",scenario4_audio2,img49_img50_aud2,True
scenario4,noite,scenario4N,night,"49,51",scenario4_audio2,img49_img51_aud2,True
scenario4,noite,scenario4N,night,"49,52",scenario4_audio2,img49_img52_aud2,True
scenario4,noite,scenario4N,night,"49,53",scenario4_audio2,img49_img53_aud2,True
scenario4,noite,scenario4N,night,"50,51",scenario4_audio2,img50_img51_aud2,True
scenario4,noite,scenario4N,night,"50,52",scenario4_audio2,img50_img52_aud2,True
scenario4,noite,scenario4N,night,"50,53",scenario4_audio2,img50_img53_aud2,True
scenario4,noite,scenario4N,night,"51,52",scenario4_audio2,img51_img52_aud2,True
scenario4,noite,scenario4N,night,"51,53",scenario4_audio2,img51_img53_aud2,True
scenario4,noite,scenario4N,night,"52,53",scenario4_audio2,img52_img53_aud2,True
scenario4,dia,scenario4D,day,39,scenario4_audio1,img39_aud1,False
scenario4,dia,scenario4D,day,40,scenario4_audio1,img40_aud1,False
scenario4,dia,scenario4D,day,41,scenario4_audio1,img41_aud1,False
scenario4,dia,scenario4D,day,42,scenario4_audio1,img42_aud1,False
scenario4,dia,scenario4D,day,43,scenario4_audio1,img43_aud1,False
scenario4,dia,scenario4D,day,"39,40",scenario4_audio1,img39_img40_aud1,True
scenario4,dia,scenario4D,day,"39,41",scenario4_audio1,img39_img41_aud1,True
scenario4,dia,scenario4D,day,"39,42",scenario4_audio1,img39_img42_aud1,True
scenario4,dia,scenario4D,day,"39,43",scenario4_audio1,img39_img43_aud1,True
scenario4,dia,scenario4D,day,"40,41",scenario4_audio1,img40_img41_aud1,True
scenario4,dia,scenario4D,day,"40,42",scenario4_audio1,img40_img42_aud1,True
scenario4,dia,scenario4D,day,"40,43",scenario4_audio1,img40_img43_aud1,True
scenario4,dia,scenario4D,day,"41,42",scenario4_audio1,img41_img42_aud1,True
scenario4,dia,scenario4D,day,"41,43",scenario4_audio1,img41_img43_aud1,True
scenario4,dia,scenario4D,day,"42,43",scenario4_audio1,img42_img43_aud1,True
scenario4,dia,scenario4D,day,39,scenario4_audio2,img39_aud2,False
scenario4,dia,scenario4D,day,40,scenario4_audio2,img40_aud2,False
scenario4,dia,scenario4D,day,41,scenario4_audio2,img41_aud2,False
scenario4,dia,scenario4D,day,42,scenario4_audio2,img42_aud2,False
scenario4,dia,scenario4D,day,43,scenario4_audio2,img43_aud2,False
scenario4,dia,scenario4D,day,"39,40",scenario4_audio2,img39_img40_aud2,True
scenario4,dia,scenario4D,day,"39,41",scenario4_audio2,img39_img41_aud2,True
scenario4,dia,scenario4D,day,"39,42",scenario4_audio2,img39_img42_aud2,True
scenario4,dia,scenario4D,day,"39,43",scenario4_audio2,img39_img43_aud2,True
scenario4,dia,scenario4D,day,"40,41",scenario4_audio2,img40_img41_aud2,True
scenario4,dia,scenario4D,day,"40,42",scenario4_audio2,img40_img42_aud2,True
scenario4,dia,scenario4D,day,"40,43",scenario4_audio2,img40_img43_aud2,True
scenario4,dia,scenario4D,day,"41,42",scenario4_audio2,img41_img42_aud2,True
scenario4,dia,scenario4D,day,"41,43",scenario4_audio2,img41_img43_aud2,True
scenario4,dia,scenario4D,day,"42,43",scenario4_audio2,img42_img43_aud2,True
scenario5,tarde,scenario5T,day,70,scenario5_audio1,img70_aud1,False
scenario5,tarde,scenario5T,day,71,scenario5_audio1,img71_aud1,False
scenario5,tarde,scenario5T,day,72,scenario5_audio1,img72_aud1,False
scenario5,tarde,scenario5T,day,73,scenario5_audio1,img73_aud1,False
scenario5,tarde,scenario5T,day,74,scenario5_audio1,img74_aud1,False
scenario5,tarde,scenario5T,day,"70,71",scenario5_audio1,img70_img71_aud1,True
scenario5,tarde,scenario5T,day,"70,72",scenario5_audio1,img70_img72_aud1,True
scenario5,tarde,scenario5T,day,"70,73",scenario5_audio1,img70_img73_aud1,True
scenario5,tarde,scenario5T,day,"70,74",scenario5_audio1,img70_img74_aud1,True
scenario5,tarde,scenario5T,day,"71,72",scenario5_audio1,img71_img72_aud1,True
scenario5,tarde,scenario5T,day,"71,73",scenario5_audio1,img71_img73_aud1,True
scenario5,tarde,scenario5T,day,"71,74",scenario5_audio1,img71_img74_aud1,True
scenario5,tarde,scenario5T,day,"72,73",scenario5_audio1,img72_img73_aud1,True
scenario5,tarde,scenario5T,day,"72,74",scenario5_audio1,img72_img74_aud1,True
scenario5,tarde,scenario5T,day,"73,74",scenario5_audio1,img73_img74_aud1,True
scenario5,tarde,scenario5T,day,70,scenario5_audio2,img70_aud2,False
scenario5,tarde,scenario5T,day,71,scenario5_audio2,img71_aud2,False
scenario5,tarde,scenario5T,day,72,scenario5_audio2,img72_aud2,False
scenario5,tarde,scenario5T,day,73,scenario5_audio2,img73_aud2,False
scenario5,tarde,scenario5T,day,74,scenario5_audio2,img74_aud2,False
scenario5,tarde,scenario5T,day,"70,71",scenario5_audio2,img70_img71_aud2,True
scenario5,tarde,scenario5T,day,"70,72",scenario5_audio2,img70_img72_aud2,True
scenario5,tarde,scenario5T,day,"70,73",scenario5_audio2,img70_img73_aud2,True
scenario5,tarde,scenario5T,day,"70,74",scenario5_audio2,img70_img74_aud2,True
scenario5,tarde,scenario5T,day,"71,72",scenario5_audio2,img71_img72_aud2,True
scenario5,tarde,scenario5T,day,"71,73",scenario5_audio2,img71_img73_aud2,True
scenario5,tarde,scenario5T,day,"71,74",scenario5_audio2,img71_img74_aud2,True
scenario5,tarde,scenario5T,day,"72,73",scenario5_audio2,img72_img73_aud2,True
scenario5,tarde,scenario5T,day,"72,74",scenario5_audio2,img72_img74_aud2,True
scenario5,tarde,scenario5T,day,"73,74",scenario5_audio2,img73_img74_aud2,True
scenario5,noite,scenario5N,night,60,scenario5_audio1,img60_aud1,False
scenario5,noite,scenario5N,night,61,scenario5_audio1,img61_aud1,False
scenario5,noite,scenario5N,night,62,scenario5_audio1,img62_aud1,False
scenario5,noite,scenario5N,night,63,scenario5_audio1,img63_aud1,False
scenario5,noite,scenario5N,night,64,scenario5_audio1,img64_aud1,False
scenario5,noite,scenario5N,night,"60,61",scenario5_audio1,img60_img61_aud1,True
scenario5,noite,scenario5N,night,"60,62",scenario5_audio1,img60_img62_aud1,True
scenario5,noite,scenario5N,night,"60,63",scenario5_audio1,img60_img63_aud1,True
scenario5,noite,scenario5N,night,"60,64",scenario5_audio1,img60_img64_aud1,True
scenario5,noite,scenario5N,night,"61,62",scenario5_audio1,img61_img62_aud1,True
scenario5,noite,scenario5N,night,"61,63",scenario5_audio1,img61_img63_aud1,True
scenario5,noite,scenario5N,night,"61,64",scenario5_audio1,img61_img64_aud1,True
scenario5,noite,scenario5N,night,"62,63",scenario5_audio1,img62_img63_aud1,True
scenario5,noite,scenario5N,night,"62,64",scenario5_audio1,img62_img64_aud1,True
scenario5,noite,scenario5N,night,"63,64",scenario5_audio1,img63_img64_aud1,True
scenario5,noite,scenario5N,night,60,scenario5_audio2,img60_aud2,False
scenario5,noite,scenario5N,night,61,scenario5_audio2,img61_aud2,False
scenario5,noite,scenario5N,night,62,scenario5_audio2,img62_aud2,False
scenario5,noite,scenario5N,night,63,scenario5_audio2,img63_aud2,False
scenario5,noite,scenario5N,night,64,scenario5_audio2,img64_aud2,False
scenario5,noite,scenario5N,night,"60,61",scenario5_audio2,img60_img61_aud2,True
scenario5,noite,scenario5N,night,"60,62",scenario5_audio2,img60_img62_aud2,True
scenario5,noite,scenario5N,night,"60,63",scenario5_audio2,img60_img63_aud2,True
scenario5,noite,scenario5N,night,"60,64",scenario5_audio2,img60_img64_aud2,True
scenario5,noite,scenario5N,night,"61,62",scenario5_audio2,img61_img62_aud2,True
scenario5,noite,scenario5N,night,"61,63",scenario5_audio2,img61_img63_aud2,True
scenario5,noite,scenario5N,night,"61,64",scenario5_audio2,img61_img64_aud2,True
scenario5,noite,scenario5N,night,"62,63",scenario5_audio2,img62_img63_aud2,True
scenario5,noite,scenario5N,night,"62,64",scenario5_audio2,img62_img64_aud2,True
scenario5,noite,scenario5N,night,"63,64",scenario5_audio2,img63_img64_aud2,True
scenario5,dia,scenario5D,day,65,scenario5_audio1,img65_aud1,False
scenario5,dia,scenario5D,day,66,scenario5_audio1,img66_aud1,False
scenario5,dia,scenario5D,day,67,scenario5_audio1,img67_aud1,False
scenario5,dia,scenario5D,day,68,scenario5_audio1,img68_aud1,False
scenario5,dia,scenario5D,day,69,scenario5_audio1,img69_aud1,False
scenario5,dia,scenario5D,day,"65,66",scenario5_audio1,img65_img66_aud1,True
scenario5,dia,scenario5D,day,"65,67",scenario5_audio1,img65_img67_aud1,True
scenario5,dia,scenario5D,day,"65,68",scenario5_audio1,img65_img68_aud1,True
scenario5,dia,scenario5D,day,"65,69",scenario5_audio1,img65_img69_aud1,True
scenario5,dia,scenario5D,day,"66,67",scenario5_audio1,img66_img67_aud1,True
scenario5,dia,scenario5D,day,"66,68",scenario5_audio1,img66_img68_aud1,True
scenario5,dia,scenario5D,day,"66,69",scenario5_audio1,img66_img69_aud1,True
scenario5,dia,scenario5D,day,"67,68",scenario5_audio1,img67_img68_aud1,True
scenario5,dia,scenario5D,day,"67,69",scenario5_audio1,img67_img69_aud1,True
scenario5,dia,scenario5D,day,"68,69",scenario5_audio1,img68_img69_aud1,True
scenario5,dia,scenario5D,day,65,scenario5_audio2,img65_aud2,False
scenario5,dia,scenario5D,day,66,scenario5_audio2,img66_aud2,False
scenario5,dia,scenario5D,day,67,scenario5_audio2,img67_aud2,False
scenario5,dia,scenario5D,day,68,scenario5_audio2,img68_aud2,False
scenario5,dia,scenario5D,day,69,scenario5_audio2,img69_aud2,False
scenario5,dia,scenario5D,day,"65,66",scenario5_audio2,img65_img66_aud2,True
scenario5,dia,scenario5D,day,"65,67",scenario5_audio2,img65_img67_aud2,True
scenario5,dia,scenario5D,day,"65,68",scenario5_audio2,img65_img68_aud2,True
scenario5,dia,scenario5D,day,"65,69",scenario5_audio2,img65_img69_aud2,True
scenario5,dia,scenario5D,day,"66,67",scenario5_audio2,img66_img67_aud2,True
scenario5,dia,scenario5D,day,"66,68",scenario5_audio2,img66_img68_aud2,True
scenario5,dia,scenario5D,day,"66,69",scenario5_audio2,img66_img69_aud2,True
scenario5,dia,scenario5D,day,"67,68",scenario5_audio2,img67_img68_aud2,True
scenario5,dia,scenario5D,day,"67,69",scenario5_audio2,img67_img69_aud2,True
scenario5,dia,scenario5D,day,"68,69",scenario5_audio2,img68_img69_aud2,True
